lien,population
https://data.regionreunion.com/,861210
https://opendata.paris.fr/,2187526
https://data.iledefrance.fr/,12262544
https://data.toulouse-metropole.fr/,479553
https://data.laregion.fr/,5933185
https://www.data.corsica/,340440
https://data.rennesmetropole.fr/,364133
https://data.issy.com/,67981
https://www.herault-data.fr/,1175623
https://data.paysdelaloire.fr/,3806461
https://data.grandparissud.fr/,353988
https://opendata.hauts-de-seine.fr/,1624357
https://data.strasbourg.eu/,505272
https://data.grandpoitiers.fr/,195262
https://data.centrevaldeloire.fr/,2573180
https://data.haute-garonne.fr/,1400039
https://data.bretagne.bzh/,3354854
https://data.orleans-metropole.fr/,116269