theme,compte
administration et citoyennete,1
amenagement durable du territoire,1
culture et patrimoine,2
developpement economique,1
environnement,6
referentiel geographique,1
sante,3
services et social,1
sport et loisirs,1
securite,1
tourisme - hebergement et restauration,1
transports et deplacements,1
education - formation,2
administration et finances publiques,1
citoyennete,2
commerces et tourisme,1
culture,1
"equipements, services, social",1
mobilite et espace public,1
urbanisme et logements,1
administration,2
amenagement du territoire,1
assemblee regionale,1
batiment - equipements,1
cadre de vie - environnement,1
deplacements - transports,1
emploi,1
enseignement - formation - recherche,1
europe - international,1
finances publiques,1
logement - sante - social,1
sport - tourisme - loisirs,1
vie culturelle,1
vie sociale,1
vie economique - innovation,1
analyze,7
geo,7
timeserie,7
custom_view,7
image,5
calendar,5
energie,1
air,1
budget - finances,1
barometre tic,1
infrastructures,1
economie - entreprise,1
developpement durable,1
tourisme,1
infrastructures reseaux,1
agriculture,1
transport,1
culture - patrimoine,1
telephonie,1
urbanisme,1
sport,2
subventions,1
institutions et citoyens,1
"territoires, agriculture et innovations",1
"routes, transports et mobilites",1
"tourisme, sport et nature",1
solidarites et sante,1
education,1
citoyennete / institution,1
territoires,1
mobilite,1
economie / europe,1
culture / tourisme,1
sante / social,1
education / formation / jeunesse,1
urbanisme / logement,1
"administration, gouvernement, finances publiques, citoyennete",2
"transports, deplacements",2
departement des hauts-de-seine,1
ville de suresnes,1
ville de rueil-malmaison,1
universite paris nanterre,1
paris la defense,1
ville de garches,1
ville d'asnieres-sur-seine,1
chambre de metiers et de l'artisanat,1
ministere de l'interieur,1
ville de sceaux,1
drihl des hauts-de-seine,1
infogreffe,1
ville de bourg-la-reine,1
ville de puteaux,1
ile-de-france mobilites,1
academie de versailles,1
caisse d'allocations familiales,1
insee,1
2015,1
2016,1
2018,1
2019,1
2020,1
2021,1
2022,1
2023,1
"amenagement du territoire, urbanisme, batiments, equipements, logement",1
vie associative,1
referentiels,1
"services, social",1
"culture, patrimoine",1
"economie, business, pme, developpement economique, emploi",1
amenagement numerique,1
"sport, loisirs",1
inclusion numerique,1
transition ecologique,1
"education, formation, recherche, enseignement",1
elu.e.s,1
toolbox,1
"administration, government, public finances, citizenship",1
"hebergement, restauration",1
